{
  "Packages": [
    {
      "FamilyName": "WindowsWorkload.PSOnnxRuntime.3.5_8wekyb3d8bbwe",
      "Version": "1.2507.793.0"
    },
    {
      "FamilyName": "WindowsWorkload.PSOnnxRuntime.Qnn.3.5_8wekyb3d8bbwe",
      "Version": "1.2507.793.0"
    },
    {
      "FamilyName": "WindowsWorkload.PSTokenizerShared.Qnn.3.5_8wekyb3d8bbwe",
      "Version": "1.2507.793.0"
    },
    {
      "FamilyName": "WindowsWorkload.PSTokenizerShared.Data.3.5_8wekyb3d8bbwe",
      "Version": "1.2507.793.0"
    },
    {
      "FamilyName": "WindowsWorkload.ImageContentModeration.1_8wekyb3d8bbwe",
      "Version": "1.2504.709.0"
    },
    {
      "FamilyName": "WindowsWorkload.ImageContentModeration.Data.1_8wekyb3d8bbwe",
      "Version": "1.2504.709.0"
    },
    {
      "FamilyName": "WindowsWorkload.ImageScaler.Qnn.1_8wekyb3d8bbwe",
      "Version": "1.2507.793.0"
    },
    {
      "FamilyName": "WindowsWorkload.ImageScaler.Data.1_8wekyb3d8bbwe",
      "Version": "1.2507.793.0"
    },
    {
      "FamilyName": "WindowsWorkload.ImageSegmentation.1_8wekyb3d8bbwe",
      "Version": "1.2507.793.0"
    },
    {
      "FamilyName": "WindowsWorkload.ImageSegmentation.Data.1_8wekyb3d8bbwe",
      "Version": "1.7.817.0"
    },
    {
      "FamilyName": "WindowsWorkload.ImageObjectExtractor.1_8wekyb3d8bbwe",
      "Version": "1.2507.793.0"
    },
    {
      "FamilyName": "WindowsWorkload.ImageObjectExtractor.Data.1_8wekyb3d8bbwe",
      "Version": "1.2507.793.0"
    },
    {
      "FamilyName": "WindowsWorkload.ImageObjectRemover.1_8wekyb3d8bbwe",
      "Version": "1.2507.793.0"
    },
    {
      "FamilyName": "WindowsWorkload.ImageObjectRemover.Data.1_8wekyb3d8bbwe",
      "Version": "1.2507.793.0"
    },
    {
      "FamilyName": "WindowsWorkload.Parallax.1_8wekyb3d8bbwe",
      "Version": "1.2507.793.0"
    },
    {
      "FamilyName": "WindowsWorkload.Parallax.Data.1_8wekyb3d8bbwe",
      "Version": "1.7.817.0"
    },
    {
      "FamilyName": "WindowsWorkload.ScrRegDetection.Qnn.1_8wekyb3d8bbwe",
      "Version": "1.2507.793.0"
    },
    {
      "FamilyName": "WindowsWorkload.ScrRegDetection.Data.1_8wekyb3d8bbwe",
      "Version": "1.2507.793.0"
    },
    {
      "FamilyName": "WindowsWorkload.TextContentModeration.Qnn.1_8wekyb3d8bbwe",
      "Version": "1.2507.793.0"
    },
    {
      "FamilyName": "WindowsWorkload.TextContentModeration.Data.1_8wekyb3d8bbwe",
      "Version": "1.7.817.0"
    },
    {
      "FamilyName": "WindowsWorkload.TextRecognition.Qnn.1_8wekyb3d8bbwe",
      "Version": "1.2507.793.0"
    },
    {
      "FamilyName": "WindowsWorkload.ImageSearch.Qnn.2_8wekyb3d8bbwe",
      "Version": "1.2507.793.0"
    },
    {
      "FamilyName": "WindowsWorkload.ImageTextSearch.Qnn.2_8wekyb3d8bbwe",
      "Version": "1.2507.793.0"
    },
    {
      "FamilyName": "WindowsWorkload.ImageSearch.Qnn.3_8wekyb3d8bbwe",
      "Version": "1.2507.793.0"
    },
    {
      "FamilyName": "WindowsWorkload.ImageSearch.Data.3_8wekyb3d8bbwe",
      "Version": "1.7.817.0"
    },
    {
      "FamilyName": "WindowsWorkload.ImageTextSearch.Qnn.3_8wekyb3d8bbwe",
      "Version": "1.2507.793.0"
    },
    {
      "FamilyName": "WindowsWorkload.ImageTextSearch.Data.3_8wekyb3d8bbwe",
      "Version": "1.7.817.0"
    },
    {
      "FamilyName": "WindowsWorkload.Manager.1_8wekyb3d8bbwe",
      "Version": "1.2506.707.0"
    },
    {
      "FamilyName": "WindowsWorkload.SessionManager.1_8wekyb3d8bbwe",
      "Version": "1.2507.793.0"
    },
    {
      "FamilyName": "WindowsWorkload.LanguageModel.Qnn.1_8wekyb3d8bbwe",
      "Version": "1.2507.793.0"
    },
    {
      "FamilyName": "WindowsWorkload.LanguageModel.Data.1_8wekyb3d8bbwe",
      "Version": "1.2507.793.0"
    },
    {
      "FamilyName": "WindowsWorkload.ImageLLMAdapter.1_8wekyb3d8bbwe",
      "Version": "1.2507.793.0"
    },
    {
      "FamilyName": "WindowsWorkload.ImageLLMAdapter.Data.1_8wekyb3d8bbwe",
      "Version": "1.7.817.0"
    },
    {
      "FamilyName": "WindowsWorkload.ImageDescription.Qnn.1_8wekyb3d8bbwe",
      "Version": "1.2507.793.0"
    },
    {
      "FamilyName": "WindowsWorkload.Data.ContentExtraction.Qnn.1_8wekyb3d8bbwe",
      "Version": "1.2507.793.0"
    },
    {
      "FamilyName": "WindowsWorkload.Data.ImageProcessing.Qnn.1_8wekyb3d8bbwe",
      "Version": "1.2507.793.0"
    },
    {
      "FamilyName": "WindowsWorkload.Data.ImageTransform.1_8wekyb3d8bbwe",
      "Version": "1.2507.793.0"
    },
    {
      "FamilyName": "WindowsWorkload.Data.ImageSearch.Qnn.1_8wekyb3d8bbwe",
      "Version": "1.2507.793.0"
    },
    {
      "FamilyName": "WindowsWorkload.Data.PhiSilica.Qnn.1_8wekyb3d8bbwe",
      "Version": "1.2507.793.0"
    }
  ],
  "Workloads": [
    {
      "Id": "Windows.Workload.ContentExtraction.Qnn",
      "Packages": [
        {
          "FamilyName": "WindowsWorkload.Data.ContentExtraction.Qnn.1_8wekyb3d8bbwe",
          "ManifestPackage": true
        },
        {
          "FamilyName": "WindowsWorkload.Manager.1_8wekyb3d8bbwe"
        },
        {
          "FamilyName": "WindowsWorkload.PSOnnxRuntime.Qnn.3.5_8wekyb3d8bbwe"
        },
        {
          "FamilyName": "WindowsWorkload.ScrRegDetection.Data.1_8wekyb3d8bbwe"
        },
        {
          "FamilyName": "WindowsWorkload.ScrRegDetection.Qnn.1_8wekyb3d8bbwe"
        },
        {
          "FamilyName": "WindowsWorkload.SessionManager.1_8wekyb3d8bbwe"
        },
        {
          "FamilyName": "WindowsWorkload.TextRecognition.Qnn.1_8wekyb3d8bbwe"
        }
      ]
    },
    {
      "Id": "Windows.Workload.ImageProcessing.Qnn",
      "Packages": [
        {
          "FamilyName": "WindowsWorkload.Data.ImageProcessing.Qnn.1_8wekyb3d8bbwe",
          "ManifestPackage": true
        },
        {
          "FamilyName": "WindowsWorkload.ImageContentModeration.1_8wekyb3d8bbwe"
        },
        {
          "FamilyName": "WindowsWorkload.ImageContentModeration.Data.1_8wekyb3d8bbwe"
        },
        {
          "FamilyName": "WindowsWorkload.ImageObjectExtractor.1_8wekyb3d8bbwe"
        },
        {
          "FamilyName": "WindowsWorkload.ImageObjectExtractor.Data.1_8wekyb3d8bbwe"
        },
        {
          "FamilyName": "WindowsWorkload.ImageScaler.Data.1_8wekyb3d8bbwe"
        },
        {
          "FamilyName": "WindowsWorkload.ImageScaler.Qnn.1_8wekyb3d8bbwe"
        },
        {
          "FamilyName": "WindowsWorkload.ImageSegmentation.1_8wekyb3d8bbwe"
        },
        {
          "FamilyName": "WindowsWorkload.ImageSegmentation.Data.1_8wekyb3d8bbwe"
        },
        {
          "FamilyName": "WindowsWorkload.Manager.1_8wekyb3d8bbwe"
        },
        {
          "FamilyName": "WindowsWorkload.Parallax.1_8wekyb3d8bbwe"
        },
        {
          "FamilyName": "WindowsWorkload.Parallax.Data.1_8wekyb3d8bbwe"
        },
        {
          "FamilyName": "WindowsWorkload.PSOnnxRuntime.3.5_8wekyb3d8bbwe"
        },
        {
          "FamilyName": "WindowsWorkload.PSOnnxRuntime.Qnn.3.5_8wekyb3d8bbwe"
        },
        {
          "FamilyName": "WindowsWorkload.SessionManager.1_8wekyb3d8bbwe"
        }
      ]
    },
    {
      "Id": "Windows.Workload.ImageSearch.Qnn",
      "Packages": [
        {
          "FamilyName": "WindowsWorkload.Data.ImageSearch.Qnn.1_8wekyb3d8bbwe",
          "ManifestPackage": true
        },
        {
          "FamilyName": "WindowsWorkload.ImageContentModeration.1_8wekyb3d8bbwe"
        },
        {
          "FamilyName": "WindowsWorkload.ImageContentModeration.Data.1_8wekyb3d8bbwe"
        },
        {
          "FamilyName": "WindowsWorkload.ImageSearch.Data.3_8wekyb3d8bbwe"
        },
        {
          "FamilyName": "WindowsWorkload.ImageSearch.Qnn.2_8wekyb3d8bbwe"
        },
        {
          "FamilyName": "WindowsWorkload.ImageSearch.Qnn.3_8wekyb3d8bbwe"
        },
        {
          "FamilyName": "WindowsWorkload.ImageTextSearch.Data.3_8wekyb3d8bbwe"
        },
        {
          "FamilyName": "WindowsWorkload.ImageTextSearch.Qnn.2_8wekyb3d8bbwe"
        },
        {
          "FamilyName": "WindowsWorkload.ImageTextSearch.Qnn.3_8wekyb3d8bbwe"
        },
        {
          "FamilyName": "WindowsWorkload.Manager.1_8wekyb3d8bbwe"
        },
        {
          "FamilyName": "WindowsWorkload.PSOnnxRuntime.Qnn.3.5_8wekyb3d8bbwe"
        },
        {
          "FamilyName": "WindowsWorkload.PSTokenizerShared.Data.3.5_8wekyb3d8bbwe"
        },
        {
          "FamilyName": "WindowsWorkload.PSTokenizerShared.Qnn.3.5_8wekyb3d8bbwe"
        },
        {
          "FamilyName": "WindowsWorkload.SessionManager.1_8wekyb3d8bbwe"
        }
      ]
    },
    {
      "Id": "Windows.Workload.ImageTransform",
      "Packages": [
        {
          "FamilyName": "WindowsWorkload.Data.ImageTransform.1_8wekyb3d8bbwe",
          "ManifestPackage": true
        },
        {
          "FamilyName": "WindowsWorkload.ImageObjectRemover.1_8wekyb3d8bbwe"
        },
        {
          "FamilyName": "WindowsWorkload.ImageObjectRemover.Data.1_8wekyb3d8bbwe"
        },
        {
          "FamilyName": "WindowsWorkload.Manager.1_8wekyb3d8bbwe"
        },
        {
          "FamilyName": "WindowsWorkload.PSOnnxRuntime.3.5_8wekyb3d8bbwe"
        },
        {
          "FamilyName": "WindowsWorkload.SessionManager.1_8wekyb3d8bbwe"
        }
      ]
    },
    {
      "Id": "Windows.Workload.PhiSilica.Qnn",
      "Packages": [
        {
          "FamilyName": "WindowsWorkload.Data.PhiSilica.Qnn.1_8wekyb3d8bbwe",
          "ManifestPackage": true
        },
        {
          "FamilyName": "WindowsWorkload.ImageDescription.Qnn.1_8wekyb3d8bbwe"
        },
        {
          "FamilyName": "WindowsWorkload.ImageLLMAdapter.1_8wekyb3d8bbwe"
        },
        {
          "FamilyName": "WindowsWorkload.ImageLLMAdapter.Data.1_8wekyb3d8bbwe"
        },
        {
          "FamilyName": "WindowsWorkload.LanguageModel.Data.1_8wekyb3d8bbwe"
        },
        {
          "FamilyName": "WindowsWorkload.LanguageModel.Qnn.1_8wekyb3d8bbwe"
        },
        {
          "FamilyName": "WindowsWorkload.Manager.1_8wekyb3d8bbwe"
        },
        {
          "FamilyName": "WindowsWorkload.PSOnnxRuntime.Qnn.3.5_8wekyb3d8bbwe"
        },
        {
          "FamilyName": "WindowsWorkload.PSTokenizerShared.Data.3.5_8wekyb3d8bbwe"
        },
        {
          "FamilyName": "WindowsWorkload.PSTokenizerShared.Qnn.3.5_8wekyb3d8bbwe"
        },
        {
          "FamilyName": "WindowsWorkload.SessionManager.1_8wekyb3d8bbwe"
        },
        {
          "FamilyName": "WindowsWorkload.TextContentModeration.Data.1_8wekyb3d8bbwe"
        },
        {
          "FamilyName": "WindowsWorkload.TextContentModeration.Qnn.1_8wekyb3d8bbwe"
        }
      ]
    }
  ],
  "ApiInfos": [
    {
      "ApiClassName": "Microsoft.Windows.AI.Imaging.ImageObjectExtractor",
      "SessionClassName": "Microsoft.Graphics.Internal.Imaging.ImageObjectExtractorSession",
      "Workload": "Windows.Workload.ImageProcessing.Qnn",
      "SessionPackage": "WindowsWorkload.ImageObjectExtractor.1_8wekyb3d8bbwe",
      "Public": true
    },
    {
      "ApiClassName": "Microsoft.Windows.AI.Imaging.ImageScaler",
      "SessionClassName": "Microsoft.Graphics.Internal.Imaging.ImageScalerSession",
      "Workload": "Windows.Workload.ImageProcessing.Qnn",
      "SessionPackage": "WindowsWorkload.ImageScaler.Qnn.1_8wekyb3d8bbwe",
      "Public": true
    },
    {
      "ApiClassName": "Microsoft.Windows.AI.Imaging.ImageObjectRemover",
      "SessionClassName": "Microsoft.Graphics.Internal.Imaging.ImageObjectRemoverSession",
      "Workload": "Windows.Workload.ImageTransform",
      "SessionPackage": "WindowsWorkload.ImageObjectRemover.1_8wekyb3d8bbwe",
      "Public": true
    },
    {
      "ApiClassName": "Microsoft.Windows.AI.Search.Experimental.ImageSearchEmbeddingsCreator+Image",
      "SessionClassName": "Microsoft.Windows.Internal.SemanticSearch.ImageSearchImageEmbeddingsSession",
      "Workload": "Windows.Workload.ImageSearch.Qnn",
      "SessionPackage": "WindowsWorkload.ImageSearch.Qnn.3_8wekyb3d8bbwe",
      "VectorSpaceId": "7DF9C12E-2031-4DC9-99AB-CEF774D84EB2"
    },
    {
      "ApiClassName": "Microsoft.Windows.AI.Imaging.TextRecognizer",
      "SessionClassName": "Microsoft.Windows.Internal.Vision.TextRecognizerSession",
      "Workload": "Windows.Workload.ContentExtraction.Qnn",
      "SessionPackage": "WindowsWorkload.TextRecognition.Qnn.1_8wekyb3d8bbwe",
      "Public": true
    },
    {
      "ApiClassName": "Microsoft.Windows.AI.Imaging.Experimental.ImageLLMAdapterCreator",
      "SessionClassName": "Microsoft.Windows.Internal.AI.Generative.ImageLLMAdapterSession",
      "Workload": "Windows.Workload.PhiSilica.Qnn",
      "SessionPackage": "WindowsWorkload.ImageLLMAdapter.1_8wekyb3d8bbwe"
    },
    {
      "ApiClassName": "Microsoft.Windows.AI.Imaging.ImageDescriptionPipeline",
      "SessionClassName": "Microsoft.Windows.Internal.AI.Generative.ImageDescriptionSession",
      "Workload": "Windows.Workload.PhiSilica.Qnn",
      "SessionPackage": "WindowsWorkload.ImageDescription.Qnn.1_8wekyb3d8bbwe"
    },
    {
      "ApiClassName": "Microsoft.Windows.AI.Text.LanguageModel",
      "SessionClassName": "Microsoft.Windows.Internal.AI.Generative.LanguageModelSession",
      "Workload": "Windows.Workload.PhiSilica.Qnn",
      "SessionPackage": "WindowsWorkload.LanguageModel.Qnn.1_8wekyb3d8bbwe",
      "Public": true
    },
    {
      "ApiClassName": "Microsoft.Windows.AI.Imaging.ImageDescriptionGenerator",
      "RequiredSessions": [
        "Microsoft.Windows.Internal.AI.Generative.ImageDescriptionSession",
        "Microsoft.Windows.Internal.AI.Generative.LanguageModelSession",
        "Microsoft.Windows.Internal.SemanticSearch.ImageSearchImageEmbeddingsSession",
        "Microsoft.Windows.Internal.AI.Generative.ImageLLMAdapterSession",
        "Microsoft.Windows.Internal.Vision.TextRecognizerSession"
      ],
      "Public": true
    }
  ]
}
